id,followers,following,message_out,message_in,membership,level,region,gold,silver,bronze,hm
1,711,432,13416,7722,silver,"top gun",Texas,247,243,198,429
2,17,17,47,51,Free,"topaz horse",,0,0,0,0
3,88,7,939,1014,Free,"topaz horse",Louisiana,0,0,0,0
4,319,87,4731,4978,gold,"leap-frog",None,115,120,92,193
5,376,519,4249,6596,silver,"perfect palomino",,187,234,235,905
6,56,41,324,226,Free,"citrine experience",Kansas,2,4,3,3
7,22,19,74,69,gold,"perfect palomino",None,0,1,0,2
8,109,72,549,522,Free,"perfect palomino",None,0,2,0,1
9,251,251,2400,2233,Free,"lyric diamond",Virginia,38,42,51,267
10,50,15,228,286,Free,"citrine experience",None,2,1,2,7
11,88,127,368,490,Free,"moonstone path",,6,10,11,36
12,71,146,220,333,Free,"supertopaz delight",Kentucky,6,4,5,24
13,51,43,213,143,Free,"topaz horse",None,0,1,0,0
14,22,97,89,58,Free,"topaz horse",,0,0,0,0
15,66,23,735,1557,Free,None,Virginia,0,0,0,0
16,135,154,1305,1007,silver,"diamond love",None,0,0,0,0
17,60,58,531,229,Free,"citrine experience",None,3,3,0,7
18,79,66,519,554,silver,"perfect palomino",Ohio,1,3,4,3
19,367,287,2204,1460,gold,"whimsical widget",Texas,1,1,1,1
20,30,39,82,162,Free,"topaz horse",,0,0,0,0
21,108,23,1563,1975,Free,None,None,0,0,0,0
22,711,273,13180,13822,Free,"perfect palomino",Nevada,111,125,69,257
23,485,172,1601,6791,silver,"onyx dragon",,238,230,222,621
24,57,56,308,254,Free,"perfect palomino",None,5,3,3,11
25,48,73,101,65,Free,"stunning sphinx",Missouri,0,1,0,0
26,30,15,68,168,silver,"perfect palomino",Texas,0,3,5,3
27,52,66,255,579,Free,"perfect palomino",Michigan,3,4,4,1
28,551,1140,2281,1669,Free,"tigereye texture",None,7,12,15,39
29,352,1060,319,1568,Free,"stunning sphinx",Minnesota,0,0,1,0
30,5,2,18,24,Free,"topaz horse",None,0,0,0,0
31,115,186,1288,888,Free,"pyrite eye",,6,4,9,53
32,239,87,1228,1497,Free,"hidden phosphate",None,16,14,26,88
33,63,171,14,16,Free,"emerald cat",None,0,0,0,0
34,828,391,6785,5098,gold,"hidden phosphate",None,29,35,25,71
35,24,37,111,69,Free,"stunning sphinx",None,0,0,1,0
36,15,32,29,29,Free,"stunning sphinx",,0,1,0,3
37,59,99,101,132,gold,"perfect palomino",Ohio,0,2,2,3
38,71,46,969,523,Free,"hyperbolic pebble",Texas,7,8,4,15
39,9,20,29,22,Free,"emerald cat",None,0,0,0,0
40,241,259,770,1513,gold,"dusted garnet",,34,30,32,93
41,75,207,56,68,Free,"perfect palomino",Colorado,1,0,0,1
42,16,22,74,114,Free,"emerald cat",Missouri,0,0,0,0
43,8,8,26,40,Free,"topaz horse",,0,0,0,0
44,21,34,153,172,Free,"topaz horse",Illinois,0,0,0,0
45,21,42,55,31,Free,"emerald cat",None,0,0,0,0
46,20,23,3,83,Free,"emerald cat",Texas,0,0,0,1
47,31,125,49,54,Free,"topaz horse",Florida,0,0,0,0
48,94,197,107,318,silver,"perfect palomino",Texas,1,3,0,4
49,4,6,23,12,Free,"emerald cat",None,0,0,0,0
50,269,321,702,1522,gold,"pyrite eye",Idaho,21,20,28,86
51,463,324,2578,3130,gold,"unending moment",Virginia,88,86,71,228
52,202,81,1020,2479,silver,"jade dragon",None,165,142,110,219
53,168,347,567,360,Free,"perfect palomino",,2,6,6,15
54,39,46,190,190,Free,"peridot parrot",None,4,4,1,9
55,238,225,2411,2614,silver,None,Tennessee,0,0,0,0
56,69,65,325,390,Free,"whimsical widget",None,1,0,3,22
57,416,767,855,2162,gold,"perfect palomino",Wisconsin,0,1,1,12
58,128,200,571,454,silver,"perfect palomino",,5,5,5,17
59,191,237,927,1082,gold,"diamond love",,20,29,23,39
60,144,167,1685,913,Free,"stunning sphinx",California,0,1,0,0
61,188,184,1377,670,gold,"citrine experience",California,3,4,5,17
62,29,31,132,147,silver,"whimsical widget",Pennsylvania,0,1,0,3
63,11,18,27,52,Free,"stunning sphinx",Illinois,1,0,0,1
64,8,9,10,36,Free,"topaz horse",South Dakota,0,0,0,0
65,40,20,58,277,Free,"perfect palomino",,4,2,7,17
66,4,12,2,2,gold,"emerald cat",None,0,0,0,0
67,194,17,1423,1385,gold,"new dragon",None,68,46,23,38
68,29,62,144,132,Free,"topaz horse",Kentucky,0,0,0,0
69,394,327,4023,4535,gold,"aventurine thought",Arizona,106,75,83,212
70,32,9,215,200,Free,"aventurine thought",Kansas,2,1,3,4
71,50,29,712,434,Free,"peridot parrot",California,1,2,2,3
72,4,1,3,13,Free,"emerald cat",,0,0,0,0
73,17,65,44,38,Free,"stunning sphinx",South Carolina,1,1,0,0
74,81,109,500,284,gold,"perfect palomino",Florida,0,1,0,1
75,18,7,80,50,Free,"stunning sphinx",Oklahoma,0,0,0,1
76,27,40,113,130,Free,"topaz horse",None,1,2,0,3
77,21,54,59,44,Free,"stunning sphinx",Pennsylvania,0,0,1,1
78,16,23,30,23,Free,"stunning sphinx",,0,1,0,1
79,403,598,689,2254,Free,"onyx dragon",,3,4,4,16
80,43,118,120,113,Free,"perfect palomino",Texas,0,0,3,2
81,42,58,53,169,Free,"topaz horse",New York,0,0,0,3
82,1180,3748,620,5003,gold,"whimsical widget",,1,1,2,15
83,34,48,264,168,Free,"emerald cat",Illinois,0,0,0,1
84,32,13,42,41,Free,"topaz horse",None,0,0,0,2
85,1016,943,32630,17775,gold,"lovely lute",None,142,95,73,155
86,706,142,65151,65535,silver,None,None,0,0,0,0
87,166,151,1205,772,Free,"surreal skittle",,18,11,12,19
88,113,136,168,519,Free,"whimsical widget",California,2,2,2,1
89,786,765,5357,7922,gold,None,,56,55,44,159
90,234,270,844,1700,Free,"opaline dream",Michigan,47,51,48,149
91,195,103,1603,2016,Free,"lapis-lazuli dream",,6,12,9,53
92,12,22,19,29,Free,"stunning sphinx",,0,1,0,1
93,31,18,4,164,silver,"emerald cat",Florida,0,0,0,0
94,99,177,375,332,Free,"whimsical widget",None,1,3,1,7
95,660,730,1413,7083,Free,"aventurine thought",Massachusetts,7,9,1,25
96,199,137,882,978,silver,None,,36,26,13,38
97,82,25,12791,3006,Free,"aventurine thought",New Hampshire,1,2,1,11
98,195,410,611,943,gold,"perfect palomino",,7,5,9,36
99,82,47,648,534,Free,"moonstone path",,13,11,6,17
100,104,177,41,812,silver,"perfect palomino",Maine,0,1,6,37
101,157,250,684,690,silver,"peregrine dream",None,19,17,21,60
102,85,174,212,168,Free,"emerald cat",,0,0,0,0
103,211,184,314,913,silver,None,,0,0,0,0
104,33,62,32,20,Free,"emerald cat",None,0,0,0,0
105,13,14,76,76,Free,"perfect palomino",None,0,0,0,2
106,12,16,40,43,Free,"topaz horse",Florida,2,0,1,2
107,19,28,235,128,Free,"perfect palomino",None,1,2,0,1
108,353,934,233,1122,silver,"perfect palomino",,0,0,0,2
109,133,92,414,531,Free,"diamond love",,4,3,2,11
110,568,540,6096,4344,Free,"perfect palomino",None,3,5,3,9
111,11,17,27,25,Free,"emerald cat",None,0,0,0,0
112,245,49,1576,1690,Free,"malachite opening",Louisiana,25,19,20,31
113,128,80,916,833,Free,"onyx dragon",Michigan,2,4,3,11
114,23,29,60,102,silver,"topaz horse",None,0,0,0,0
115,142,347,347,372,Free,"diamond love",Florida,10,7,3,29
116,12,12,43,34,Free,"topaz horse",Colorado,0,0,0,0
117,20,40,46,21,Free,"topaz horse",,0,0,0,0
118,42,41,150,123,Free,"stunning sphinx",None,0,1,0,0
119,9,16,43,20,Free,None,None,0,0,0,0
120,56,64,322,262,silver,"perfect palomino",,2,8,2,10
121,35,39,96,231,Free,"topaz horse",Oregon,0,1,0,2
122,248,230,1204,1140,silver,"obsidian idea",None,15,21,37,124
123,9,14,40,33,Free,"stunning sphinx",None,0,0,0,0
124,109,172,450,396,Free,"supertopaz delight",None,5,4,1,24
125,190,135,642,827,silver,"topaz horse",Ohio,0,0,0,0
126,20,25,327,372,Free,None,West Virginia,7,6,8,17
127,100,85,449,400,Free,"diamond love",Texas,2,3,8,22
128,133,127,267,990,silver,None,None,44,36,40,107
129,48,105,272,139,silver,"perfect palomino",Indiana,1,0,2,3
130,7,7,53,55,Free,"topaz horse",,0,1,1,0
131,3,18,23,30,Free,"emerald cat",None,0,0,0,0
132,64,89,377,266,silver,"diamond love",,5,3,4,10
133,436,241,987,3583,gold,"moonstone path",,7,11,8,29
134,594,1447,1426,1400,Free,"hyperbolic pebble",Ohio,9,12,10,47
135,65,105,975,519,gold,None,Texas,0,0,0,0
136,315,268,1147,2636,Free,"perfect palomino",Massachusetts,40,34,34,103
137,19,20,72,93,Free,"stunning sphinx",,2,0,0,4
138,257,181,3320,2092,Free,"lapis-lazuli dream",New York,1,1,2,11
139,50,29,91,130,Free,"perfect palomino",None,0,0,1,2
140,62,32,267,340,Free,"topaz horse",New Hampshire,0,0,0,0
141,54,75,221,230,Free,"topaz horse",Texas,2,2,10,17
142,10,20,61,45,Free,"emerald cat",None,0,0,0,0
143,23,37,146,80,Free,"emerald cat",Utah,0,0,0,1
144,653,222,10579,9375,gold,None,,231,110,92,164
145,70,106,145,460,Free,"supertopaz delight",Indiana,1,0,0,4
146,928,752,12395,21483,gold,"freedom",Florida,323,391,400,1234
147,5,6,11,43,Free,"emerald cat",New York,0,0,0,0
148,99,100,134,291,Free,"aventurine thought",,6,5,0,2
149,1119,254,24214,22054,gold,None,California,289,243,197,524
150,48,67,328,282,Free,None,,0,0,0,0
151,25,55,617,1147,Free,"emerald cat",New York,0,1,0,0
152,89,140,130,237,Free,"perfect palomino",,0,0,3,8
153,8,14,34,40,Free,"stunning sphinx",,1,0,0,2
154,1472,616,32472,16392,Free,None,Louisiana,313,300,314,989
155,49,120,1860,1123,Free,None,None,1,4,1,3
156,65,72,219,203,Free,None,None,0,0,0,0
157,292,501,1270,1430,Free,"citrine experience",None,9,8,17,39
158,10,29,7,16,Free,"emerald cat",Texas,0,0,0,1
159,98,47,1675,1744,gold,"pyrite eye",Illinois,14,23,21,54
160,306,38,2255,3239,Free,"stunning sphinx",,0,0,0,0
161,601,717,11005,7165,gold,"unkept fire",Oklahoma,54,63,66,224
162,225,146,727,1301,silver,None,,2,4,6,9
163,670,650,6117,8065,silver,"leap-frog",Oregon,37,29,25,101
164,94,96,682,620,Free,"malachite opening",California,2,2,5,25
165,917,229,16200,17916,gold,"zen master",,0,0,0,0
166,381,149,2021,2101,gold,"screaming dragon",Arizona,28,30,27,78
167,40,88,372,209,Free,"topaz horse",None,0,0,0,0
168,165,191,1442,667,Free,"hyperbolic pebble",None,8,16,20,44
169,10,32,304,14,Free,"emerald cat",None,0,0,0,0
170,100,57,457,678,Free,"jade dragon",,3,4,5,16
171,8,27,49,28,Free,"topaz horse",Utah,0,0,0,0
172,19,25,79,54,Free,"topaz horse",None,0,0,0,0
173,118,233,1471,990,Free,"jade dragon",,3,1,3,11
174,33,47,67,136,silver,"topaz horse",Pennsylvania,0,0,1,0
175,138,39,1119,456,gold,"pyrite eye",New York,8,6,7,33
176,6,8,20,19,Free,"topaz horse",Colorado,0,0,0,0
177,310,496,943,1150,Free,"citrine experience",Texas,1,3,4,6
178,29,104,105,38,Free,"emerald cat",Pennsylvania,0,0,0,0
179,161,156,1756,1212,Free,"perfect palomino",California,0,2,5,10
180,556,91,29210,14309,silver,"lyric diamond",,167,127,100,229
181,58,54,173,291,Free,"carnelian hope",,0,7,3,14
182,124,60,499,1223,silver,None,Rhode Island,12,12,12,48
183,121,46,913,741,silver,"carnelian hope",Washington,4,5,4,14
184,76,57,401,379,Free,"aventurine thought",None,0,1,2,4
185,430,237,3273,8436,silver,"new dragon",Kentucky,189,226,226,536
186,59,51,132,135,gold,"perfect palomino",,5,2,2,4
187,18,63,29,55,Free,"topaz horse",,0,0,0,0
188,69,88,2790,3336,gold,"topaz horse",California,4,5,3,6
189,250,458,1300,1772,gold,"supertopaz delight",Florida,10,14,16,128
190,12,13,16,31,Free,"emerald cat",Pennsylvania,0,0,0,0
191,224,150,231,1410,gold,None,Florida,0,0,0,0
192,323,632,550,1494,Free,"citrine experience",Kansas,30,19,21,60
193,24,28,69,57,Free,"perfect palomino",Florida,0,0,1,1
194,43,23,297,345,Free,"stunning sphinx",Arizona,1,0,0,0
195,48,50,701,627,silver,"topaz horse",None,2,6,4,9
196,355,207,10372,14305,Free,"perfect palomino",None,64,66,59,179
197,3,4,3,4,Free,"emerald cat",,0,0,0,0
198,85,89,307,400,silver,"perfect palomino",,2,8,5,15
199,388,72,304,9070,gold,"perfect palomino",New Jersey,265,340,422,1585
200,14,11,83,63,silver,"aventurine thought",,2,1,2,2
201,251,240,235,1943,gold,"diamond love",,44,44,52,166
202,199,228,1536,1018,Free,"perfect palomino",Alabama,0,0,0,3
203,108,169,566,581,Free,"aventurine thought",Texas,0,2,1,3
204,90,88,117,657,gold,"perfect palomino",Virginia,1,0,1,4
205,35,78,478,179,Free,"topaz horse",None,0,0,0,0
206,76,162,637,257,Free,"emerald cat",,0,0,0,0
207,5,6,22,14,Free,"topaz horse",,0,0,0,0
208,28,20,182,102,Free,"topaz horse",,0,0,0,0
209,272,107,2716,3188,gold,"hidden phosphate",Missouri,57,49,48,134
210,78,63,1098,779,gold,"jade dragon",,9,7,5,28
211,78,138,337,379,Free,"diamond love",Florida,6,9,6,28
212,328,268,8110,2523,gold,"top gun",Wisconsin,66,70,63,154
213,39,50,182,132,Free,"perfect palomino",None,0,0,1,8
214,547,216,4294,4593,Free,"dancing dragon",Missouri,63,88,88,340
215,443,408,4936,4830,gold,"new dragon",Tennessee,19,19,25,88
216,62,177,295,156,Free,"topaz horse",Kentucky,0,0,0,0
217,1684,848,30616,26441,gold,"cloaked shadow",New Jersey,205,171,143,334
218,42,18,226,277,Free,"perfect palomino",Illinois,2,5,2,8
219,51,109,183,246,gold,"perfect palomino",Minnesota,0,0,1,3
220,30,31,101,77,Free,"topaz horse",None,0,0,0,5
221,21,51,83,88,Free,"peridot parrot",,1,1,0,5
222,43,204,38,53,Free,"stunning sphinx",None,0,0,0,1
223,100,235,153,164,Free,"perfect palomino",None,1,0,4,5
224,41,26,217,131,Free,"aventurine thought",,1,2,1,4
225,56,52,376,254,Free,"perfect palomino",Texas,2,0,1,0
226,5,7,13,8,Free,"emerald cat",Illinois,0,0,0,0
227,83,33,353,683,Free,"malachite opening",None,8,4,7,41
228,159,302,806,789,Free,"malachite opening",Texas,2,7,6,19
229,8,8,96,75,Free,"emerald cat",North Carolina,0,0,0,0
230,283,322,2257,1089,gold,"perfect palomino",Alaska,1,0,0,1
231,980,1535,5841,7320,gold,"midnight moon",Pennsylvania,18,34,27,186
232,126,132,1076,1266,Free,"perfect palomino",,12,15,15,56
233,165,96,1482,2011,Free,"screaming dragon",None,65,60,70,211
234,1606,3399,9452,12836,silver,"perfect palomino",None,45,71,92,370
235,178,482,289,553,silver,"perfect palomino",New Jersey,1,1,1,5
236,184,261,171,249,Free,"topaz horse",,0,1,0,1
237,458,522,4918,3730,gold,"obsidian idea",Colorado,0,1,1,16
238,407,314,4170,3714,Free,"stunning sphinx",,0,0,0,1
239,50,39,4,354,Free,"emerald cat",New York,1,0,0,0
240,8,8,28,19,Free,"emerald cat",,0,0,0,0
241,131,124,2873,7729,gold,"aventurine thought",,104,88,58,70
242,21,49,35,48,Free,"stunning sphinx",None,0,1,0,1
243,386,275,7166,4978,Free,"bombsquad trampoline",None,284,269,181,358
244,71,62,1074,435,silver,"whimsical widget",None,4,6,4,18
245,737,368,31676,16244,silver,"tomorrow tortoise",,159,173,171,472
246,262,88,1309,2731,gold,"surreal skittle",,71,73,75,223
247,11,5,33,29,Free,"topaz horse",None,0,0,0,0
248,2,3,5,7,Free,"emerald cat",None,0,0,0,0
249,91,87,339,353,Free,"lapis-lazuli dream",,3,3,6,21
250,34,9,231,146,Free,"perfect palomino",None,0,1,1,1
251,10,8,40,43,Free,"perfect palomino",,0,0,1,1
252,89,53,1076,683,silver,None,None,0,0,0,0
253,11,34,37,24,Free,"emerald cat",None,0,0,0,0
254,72,35,260,461,gold,"diamond love",Michigan,4,7,3,12
255,1139,1154,3257,27943,gold,"top gun",Virginia,470,532,690,2835
256,502,918,1705,2081,gold,"pyrite eye",,5,11,7,30
257,56,30,94,198,silver,"topaz horse",Missouri,0,0,0,0
258,29,102,86,119,Free,"stunning sphinx",,0,0,0,1
259,82,106,530,666,Free,"perfect palomino",,8,10,6,30
260,85,14,324,219,Free,"topaz horse",Maryland,0,0,0,0
261,262,795,141,425,Free,"aventurine thought",Kansas,7,6,12,20
262,1838,2494,19366,2426,silver,"aventurine thought",Washington,25,23,30,165
263,326,480,4878,5438,Free,"dancing dragon",,41,48,57,242
264,181,429,499,495,gold,"topaz horse",New Mexico,0,0,0,0
265,12,16,108,31,Free,"emerald cat",,0,0,0,0
266,48,146,88,65,Free,"stunning sphinx",,0,0,1,0
267,41,59,189,196,Free,"aventurine thought",None,0,0,1,5
268,76,83,131,451,silver,"perfect palomino",Montana,0,0,0,2
269,57,19,62,139,Free,"stunning sphinx",,0,0,0,1
270,114,77,267,779,silver,"aventurine thought",,8,9,8,50
271,10,8,4,10,Free,"emerald cat",None,0,0,0,0
272,10,19,34,31,silver,"emerald cat",Wisconsin,0,0,0,0
273,45,8,272,339,Free,None,None,5,5,5,23
274,57,72,259,369,Free,"diamond love",Kentucky,6,11,7,32
275,160,77,422,621,Free,"moonstone path",,17,11,6,26
276,35,30,90,80,Free,"emerald cat",None,0,0,0,0
277,288,88,1095,2107,Free,"hyperbolic pebble",Ohio,94,91,73,202
278,237,330,3070,2154,Free,"onyx dragon",Mississippi,24,31,45,141
279,34,34,88,110,Free,"perfect palomino",New York,0,0,0,0
280,283,186,1148,4264,gold,"hyperbolic pebble",,54,51,61,287
281,27,40,271,844,Free,"emerald cat",,0,0,2,0
282,782,319,37803,22076,gold,"sunlit memory",Iowa,634,569,617,1509
283,352,362,3892,2852,silver,"hopeful shadows",,37,40,42,130
284,34,55,132,58,Free,"perfect palomino",Oregon,1,0,0,2
285,110,60,1823,2301,Free,"stunning sphinx",None,31,26,9,6
286,11,19,22,21,Free,"emerald cat",None,0,0,0,0
287,55,40,177,229,Free,"topaz horse",,0,0,0,0
288,33,12,256,287,Free,"perfect palomino",None,7,5,3,19
289,4,4,4,2,Free,"emerald cat",,0,0,0,0
290,216,63,418,1063,Free,None,,5,2,3,6
291,1227,691,19813,15741,gold,None,New York,268,302,304,804
292,45,24,187,329,Free,"topaz horse",None,0,0,1,1
293,36,13,113,136,Free,None,None,0,0,0,0
294,93,36,191,351,Free,"aventurine thought",,11,3,6,23
295,81,59,483,667,Free,"whimsical widget",Massachusetts,7,9,7,33
296,35,36,141,121,Free,"topaz horse",Kentucky,0,0,0,0
297,212,655,822,634,silver,"whimsical widget",New Jersey,0,3,4,26
298,93,105,153,210,Free,"topaz horse",,0,0,0,0
299,31,53,237,341,gold,"aventurine thought",Missouri,7,4,5,23
300,35,30,174,145,Free,"emerald cat",None,0,0,2,3
301,11,34,47,15,Free,"topaz horse",None,0,0,0,0
302,38,4,167,109,Free,"stunning sphinx",Wisconsin,1,0,0,0
303,47,43,165,116,Free,"perfect palomino",None,0,1,0,2
304,50,49,422,207,Free,"supertopaz delight",Texas,1,0,2,5
305,325,140,1630,3248,gold,"opaline dream",None,71,73,98,332
306,185,90,268,437,Free,"supertopaz delight",None,4,2,2,11
307,40,85,204,93,Free,"topaz horse",,0,0,0,0
308,223,319,385,856,Free,"perfect palomino",Texas,0,0,0,0
309,5,8,23,18,Free,"emerald cat",None,0,0,0,0
310,56,143,280,179,Free,"aventurine thought",None,0,0,0,6
311,135,96,792,555,Free,"topaz horse",Arizona,0,0,0,0
312,3,8,6,8,Free,"emerald cat",None,0,0,0,0
313,270,118,634,955,Free,"dusted garnet",Texas,4,10,5,33
314,13,7,20,23,Free,"emerald cat",None,0,0,0,0
315,21,35,74,56,Free,"topaz horse",,0,0,0,0
316,279,17,2263,2185,Free,"wicked winner",None,34,30,30,90
317,120,165,331,573,silver,"perfect palomino",,21,12,19,59
318,1384,1492,11444,18917,gold,"neverending dream",,780,687,654,1595
319,1155,9,861,667,Free,None,,2,1,1,3
320,844,883,8500,9476,gold,None,,0,0,0,0
321,15,6,47,43,Free,"perfect palomino",None,0,1,2,2
322,72,20,243,275,Free,"perfect palomino",Missouri,7,1,3,2
323,69,91,331,291,Free,"perfect palomino",,1,1,1,3
324,27,20,276,176,Free,"citrine experience",None,3,3,3,9
325,10,19,18,20,Free,"topaz horse",None,0,0,0,0
326,72,166,1019,529,silver,"onyx dragon",,4,1,4,14
327,145,92,920,367,Free,"topaz horse",South Carolina,6,5,6,26
328,42,112,243,118,Free,"perfect palomino",None,0,1,0,1
329,14,14,43,57,Free,None,None,0,0,0,0
330,4,3,12,14,Free,"topaz horse",None,0,0,0,0
331,93,87,393,610,Free,None,None,2,0,1,8
332,245,183,836,2326,Free,"whimsical widget",,71,109,75,151
333,377,152,649,3135,Free,"onyx dragon",,70,109,98,361
334,12,4,18,27,Free,"topaz horse",None,0,0,0,0
335,154,168,646,623,Free,"aventurine thought",Maryland,0,1,2,7
336,27,44,108,92,Free,"perfect palomino",None,0,0,0,4
337,42,44,340,325,silver,"perfect palomino",None,0,3,1,1
338,38,23,202,186,Free,"stunning sphinx",,0,0,0,2
339,717,427,2671,7383,gold,"midnight moon",Georgia,55,89,108,350
340,19,17,168,145,Free,None,,0,0,0,0
341,190,222,1388,495,Free,"jade dragon",Ohio,5,4,6,23
342,237,183,297,1244,Free,"citrine experience",,41,26,56,189
343,29,41,86,83,Free,"peridot parrot",,1,0,2,3
344,1030,566,26123,5487,gold,"hyperbolic pebble",Pennsylvania,8,10,16,12
345,137,381,242,233,Free,None,Washington,0,0,0,0
346,17,30,26,33,gold,"stunning sphinx",,0,0,0,1
347,331,204,2583,2890,silver,None,None,33,41,34,72
348,276,629,1659,1032,Free,"tigereye texture",None,10,11,15,94
349,51,21,142,228,Free,"aventurine thought",None,2,4,3,8
350,341,476,5605,4617,gold,None,Florida,0,0,0,0
351,393,276,4425,3514,Free,"aventurine thought",,5,4,4,20
352,59,78,449,324,Free,"perfect palomino",None,7,2,5,21
353,36,30,66,48,Free,"perfect palomino",None,2,2,1,1
354,178,137,657,1099,Free,"aventurine thought",Georgia,7,4,4,30
355,187,62,17,3270,silver,"stunning sphinx",None,0,0,1,0
356,47,111,102,152,Free,"perfect palomino",,0,1,1,4
357,73,71,280,489,Free,"citrine experience",None,2,0,4,6
358,383,76,5709,4889,Free,"aventurine thought",California,304,294,238,380
359,65,255,268,764,Free,"emerald cat",None,0,0,0,0
360,18,21,119,114,gold,"topaz horse",North Dakota,0,0,0,0
361,45,12,87,193,Free,"perfect palomino",None,3,2,4,3
362,578,253,5368,7916,gold,None,,88,92,90,362
363,437,424,4971,3720,gold,"neverending dream",Kentucky,109,131,121,339
364,136,62,277,348,gold,"perfect palomino",,1,2,0,6
365,12,37,27,21,Free,"emerald cat",Indiana,0,0,0,0
366,35,57,439,381,Free,None,None,1,0,0,2
367,213,249,796,829,gold,"lapis-lazuli dream",Mississippi,11,13,10,31
368,149,158,11119,8835,silver,"stunning sphinx",Massachusetts,100,91,94,250
369,90,99,872,530,Free,"topaz horse",Georgia,0,0,0,0
370,313,38,3400,3986,Free,"lyric diamond",South Carolina,26,34,24,60
371,11,9,39,34,Free,"topaz horse",,0,0,0,0
372,480,286,9901,16288,gold,"faded parchment",,244,313,259,759
373,113,126,656,789,gold,"perfect palomino",Texas,0,0,0,0
374,65,178,303,209,Free,"perfect palomino",None,0,0,1,1
375,8,5,30,40,Free,"stunning sphinx",,0,1,1,2
376,123,231,61,537,Free,"emerald cat",None,0,0,0,0
377,353,274,1345,3440,gold,"malachite opening",Florida,1,3,2,17
378,383,112,507,2747,Free,"citrine experience",None,69,55,58,122
379,8,22,21,17,Free,"topaz horse",None,0,0,0,0
380,450,268,10140,8389,Free,"unkept fire",,70,75,123,698
381,147,454,516,371,Free,"topaz horse",,0,0,0,0
382,312,101,4231,2996,Free,None,None,0,0,0,0
383,8,6,41,33,Free,"topaz horse",,0,0,0,0
384,20,66,51,55,Free,"perfect palomino",,1,1,0,4
385,915,484,16020,21506,gold,"wicked winner",Florida,0,0,0,0
386,34,51,333,159,Free,"supertopaz delight",None,1,2,1,9
387,284,317,85,3179,silver,"topaz horse",Kentucky,0,0,0,1
388,276,451,1211,1265,Free,"pyrite eye",Pennsylvania,10,10,13,57
389,404,854,1224,1397,Free,"tigereye texture",Texas,10,10,10,19
390,15,9,44,125,silver,"perfect palomino",None,1,1,1,2
391,61,43,21,486,Free,"topaz horse",Ohio,1,1,1,4
392,12,13,39,37,Free,"perfect palomino",,1,1,1,2
393,155,161,1811,732,silver,"aventurine thought",,1,1,3,13
394,467,543,9155,6437,gold,"hidden phosphate",None,149,143,105,270
395,5,7,48,33,Free,"emerald cat",,0,0,0,0
396,188,160,3266,2888,silver,"white rain",,32,32,40,122
397,16,11,80,80,Free,"perfect palomino",,0,0,0,3
398,473,103,7380,9315,Free,"perfect palomino",,0,0,0,0
399,547,1455,2191,3138,silver,"emerald cat",None,0,0,0,0
400,502,499,4874,4557,Free,"sunlit memory",Pennsylvania,46,49,50,122
401,98,58,1001,699,Free,"lyric diamond",,12,19,22,67
402,10,22,2,0,Free,"emerald cat",Rhode Island,0,0,0,0
403,56,47,698,527,Free,"topaz horse",Pennsylvania,1,2,3,24
404,14,14,63,95,Free,"topaz horse",Texas,0,0,0,0
405,337,314,4596,3301,silver,"lyric diamond",Arizona,32,36,30,120
406,29,21,58,125,Free,None,None,0,0,0,0
407,65,46,761,643,Free,"whimsical widget",,4,4,1,4
408,42,58,94,86,Free,"topaz horse",Pennsylvania,0,1,0,0
409,20,54,70,44,Free,"topaz horse",None,0,1,0,2
410,59,10,719,429,Free,"topaz horse",None,0,0,0,0
411,32,10,10,52,Free,"emerald cat",New York,0,0,0,0
412,82,111,602,454,Free,"onyx dragon",,3,4,9,34
413,128,165,478,840,gold,"moonstone path",Florida,5,4,1,21
414,665,708,22987,2614,Free,"hopeful shadows",None,121,141,133,301
415,534,184,5832,6216,gold,"white rain",None,120,121,115,345
416,144,112,1830,2014,Free,"supertopaz delight",Pennsylvania,88,53,47,117
417,37,128,40,34,Free,"topaz horse",,0,0,0,0
418,178,262,1057,658,Free,None,North Carolina,0,0,0,0
419,328,101,2193,3245,silver,None,California,0,0,0,0
420,42,53,406,676,Free,"diamond love",Florida,2,4,7,18
421,523,332,13290,4764,gold,"obsidian idea",None,2,2,2,17
422,48,83,319,248,Free,"perfect palomino",Illinois,0,0,0,0
423,139,230,943,313,gold,None,Arkansas,0,0,0,0
424,8,15,14,35,Free,"topaz horse",Massachusetts,0,0,0,0
425,32,15,32,92,Free,"topaz horse",Illinois,1,0,0,0
426,15,24,61,36,Free,"topaz horse",,0,0,0,0
427,89,232,356,240,Free,"topaz horse",Virginia,4,1,1,9
428,1494,763,20751,25055,gold,"perfect palomino",New York,116,141,164,462
429,95,79,302,603,Free,"diamond love",None,2,9,6,34
430,1740,1933,17167,15618,Free,None,None,11,9,21,113
431,166,340,509,543,Free,"aventurine thought",South Carolina,7,0,1,1
432,37,52,217,154,Free,"perfect palomino",,5,4,1,7
433,252,269,1564,1343,Free,"aventurine thought",None,1,2,1,5
434,5,14,30,30,Free,"topaz horse",None,0,0,0,0
435,247,214,5880,2775,Free,"new dragon",,38,29,41,133
436,61,37,462,365,Free,"citrine experience",None,2,5,8,20
437,339,52,2909,5600,gold,None,South Carolina,82,73,95,325
438,254,311,4883,2912,Free,"unending moment",None,28,32,27,90
439,187,117,1574,1276,Free,"diamond love",None,4,2,2,6
440,34,86,229,135,Free,"topaz horse",,0,0,1,1
441,39,52,81,68,Free,"topaz horse",,0,0,0,0
442,26,54,89,66,Free,"stunning sphinx",None,1,0,1,2
443,303,296,988,2541,gold,None,Washington,0,0,0,0
444,1847,406,27132,14438,silver,"dancing dragon",None,158,89,96,176
445,252,297,438,1046,gold,"moonstone path",Pennsylvania,18,14,7,20
446,16,18,16,20,Free,"emerald cat",None,0,0,0,0
447,482,2380,158,200,Free,"topaz horse",,0,0,0,0
448,21,8,130,163,gold,"topaz horse",None,0,0,0,0
449,422,124,10080,6594,gold,None,,0,0,0,0
450,7,14,9,22,Free,"topaz horse",None,0,0,0,0
451,12,12,44,44,Free,"emerald cat",,0,0,0,0
452,44,61,327,165,Free,"stunning sphinx",,0,0,1,0
453,112,126,206,217,Free,"supertopaz delight",Michigan,1,2,6,10
454,675,925,5073,7028,silver,"top gun",Colorado,113,123,148,538
455,32,30,37,110,Free,"perfect palomino",None,0,2,2,5
456,1237,373,70713,39725,gold,"electric lightning",None,821,859,864,2002
457,683,249,10968,1974,Free,"supertopaz delight",Illinois,2,4,2,35
458,8,27,27,23,Free,"topaz horse",,0,0,0,0
459,88,54,2305,1320,Free,"perfect palomino",Massachusetts,0,1,1,1
460,33,27,53,131,Free,"emerald cat",Ohio,0,0,0,0
461,147,144,1397,1045,Free,"lyric diamond",North Carolina,32,28,24,54
462,613,582,15800,17843,gold,"onyx dragon",New York,208,227,236,686
463,13,16,45,31,Free,"topaz horse",New York,0,0,0,0
464,10,12,31,24,Free,"topaz horse",,0,0,0,0
465,331,80,6603,5075,gold,None,,57,40,26,45
466,6,10,18,15,Free,"emerald cat",None,0,0,0,0
467,1472,350,26564,2861,Free,"apple",None,56,71,43,176
468,2,2,3,4,Free,"emerald cat",Pennsylvania,0,0,0,0
469,50,42,309,178,Free,None,,0,0,0,0
470,19,10,772,628,Free,None,California,6,5,2,9
471,119,60,558,568,Free,"stunning sphinx",Missouri,1,0,0,0
472,135,205,461,705,Free,"jade dragon",None,7,6,16,31
473,493,601,5520,6397,gold,"fortunate ",North Carolina,112,149,154,666
474,318,107,5892,4592,Free,"lyric diamond",None,20,14,14,51
475,61,64,834,434,Free,None,None,0,0,0,0
476,87,106,948,281,Free,"citrine experience",,3,4,3,21
477,251,252,1731,941,gold,"peregrine dream",Kentucky,6,5,5,15
478,27,17,36,44,Free,"emerald cat",Wisconsin,0,0,0,0
479,9,55,8,5,Free,"emerald cat",,0,0,0,0
480,91,123,355,489,Free,"diamond love",None,23,24,24,81
481,64,111,252,328,Free,"citrine experience",None,4,6,3,20
482,395,184,6875,124,Free,"perfect palomino",None,26,36,42,205
483,38,69,115,73,Free,"topaz horse",Ohio,1,0,0,0
484,460,416,3770,5917,gold,"onyx dragon",Arizona,51,51,46,105
485,489,55,29415,29840,gold,None,None,0,0,0,0
486,128,118,550,375,Free,None,,0,0,0,1
487,635,492,1182,4275,gold,"hyperbolic pebble",New Jersey,227,191,189,413
488,138,52,403,1499,gold,"perfect palomino",None,0,0,0,0
489,209,57,978,1207,Free,None,None,33,17,14,19
490,22,10,157,79,Free,"perfect palomino",Wisconsin,0,0,0,3
491,35,12,188,181,silver,None,None,1,2,3,12
492,29,19,155,133,Free,"topaz horse",New York,1,2,5,3
493,7,1,4,23,Free,"emerald cat",None,0,0,0,0
494,140,230,114,284,silver,"topaz horse",,0,0,0,0
495,258,600,684,972,silver,"perfect palomino",Illinois,0,0,1,2
496,7,12,21,16,Free,"emerald cat",Florida,0,0,0,0
497,10,12,22,38,Free,"topaz horse",None,0,0,0,1
498,148,289,646,378,Free,"perfect palomino",Maryland,1,5,4,9
499,201,183,1752,907,Free,"topaz horse",,0,0,0,0
500,329,333,2180,1705,Free,"onyx dragon",None,13,22,17,107
501,149,1,555,1396,silver,"emerald cat",,0,0,0,0
502,128,156,1075,434,Free,"aventurine thought",Michigan,1,1,2,3
503,60,67,2285,1452,Free,"stunning sphinx",,4,7,10,35
504,184,116,761,1468,silver,"tigereye texture",Wisconsin,39,41,31,121
505,525,455,4329,5985,gold,"unkept fire",Mississippi,106,135,164,337
506,157,293,648,599,silver,"topaz horse",California,0,0,0,0
507,457,462,572,3603,gold,"citrine experience",Massachusetts,47,62,43,159
508,196,267,1276,810,gold,"emerald cat",,0,0,0,0
509,56,19,273,646,silver,None,Missouri,18,16,17,57
510,107,167,264,245,Free,"perfect palomino",,1,0,3,7
511,1678,2438,19183,41198,gold,"deep as an ocean",,785,975,1423,6041
512,179,178,376,920,Free,"moonstone path",,11,15,12,30
513,101,185,1641,572,Free,"diamond love",North Carolina,1,0,4,8
514,12,17,24,42,Free,"emerald cat",None,0,0,0,0
515,51,96,99,90,Free,"topaz horse",None,1,0,0,0
516,365,131,1844,2202,Free,"hyperbolic pebble",Minnesota,11,8,5,26
517,336,51,1113,8653,gold,"hyperbolic pebble",Texas,204,246,260,837
518,641,1509,5478,6811,Free,"screaming dragon",,37,52,66,373
519,190,105,1463,1529,gold,"pyrite eye",California,41,50,43,137
520,35,18,56,80,Free,"stunning sphinx",None,0,0,1,2
521,148,111,1862,905,Free,None,None,0,0,0,0
522,12,13,91,62,Free,"topaz horse",None,0,0,0,0
523,78,96,726,247,gold,"perfect palomino",,0,0,2,10
524,253,90,1827,3379,gold,"citrine experience",Florida,71,69,62,136
525,23,42,114,96,Free,"perfect palomino",Georgia,0,1,0,4
526,278,1047,574,518,Free,"stunning sphinx",None,0,0,0,1